Country_Name,ISO3,Population,Gini,gross_domestic_product_usd,thermodynamic_gdp_usd,physical_depreciation_usd,natural_depletion_usd,cognitive_depletion_usd,metabolic_depreciation_usd,epistemic_decay_usd,care_economy_dividend_usd,smog_friction_penalty_usd,gini_friction_penalty_usd,financialization_friction_usd,offshored_entropy_debt_usd,net_domestic_value_usd,cohesion_archetype,equilibrium_transfer_usd,ndv_to_gdp_ratio
World,WLD,7988550201.0,0.38,102862471365575.0,97724395401953.34,4114498854623.0,3029992049550.0,23443199419854.6,19279765386235.13,0.0,15824995594703.85,177231695707.7,771468535241.81,5657435925106.62,0.0,57077297970040.24,Natural,1498839701.9216418,0.555
OECD members,OED,1378591781.0,0.38,61286449816069.9,57853537618908.68,2451457992642.8,872636737500.0,5132497200663.0,11078922147491.76,0.0,9428684587087.68,8666572356.73,459648373620.52,3370754739883.84,72663579945.8,43836473701593.83,Natural,1498839701.9216418,0.715
Post-demographic dividend,PST,1117420833.0,0.38,57655583144884.1,54413370318712.62,2306223325795.36,755120914200.0,4160157761259.0,10634501322228.54,0.0,8870089714597.55,5050517645.69,432416873586.63,3171057072968.63,68173449326.35,41752257636001.88,Natural,1498839701.9216418,0.724
North America,NAC,373011185.0,0.38,28262944669046.3,26905483198570.49,1130517786761.85,492487598325.0,1512888605017.8,6006542126858.27,0.0,4348145333699.43,692097860.5,211972085017.85,1554461956797.55,167496064777.96,20178069050555.062,Natural,1498839701.9216418,0.714
East Asia & Pacific,EAS,2379617118.0,0.38,31457553986143.5,29580901751625.77,1258302159445.74,499227357525.0,8588323732916.16,4726693605104.49,0.0,4839623690175.92,42479540182.18,235931654896.08,1730165469237.89,0.0,17340900762196.072,Natural,1498839701.9216418,0.551
Europe & Central Asia,ECS,924267385.0,0.38,25850174701132.2,24507488169229.54,1034006988045.29,793548994200.0,3558447917597.7,3946303208413.79,229245430434.18,3976949954020.34,7526502025.16,193876310258.49,1421759608562.27,0.0,17301222003414.922,Natural,1498839701.9216418,0.669
United States,USA,333996304.0,0.417,26054614000000.0,24772698526312.49,1042184560000.0,232346250000.0,1356528766278.07,5662464753720.17,0.0,4008402153846.15,648817984.53,436414784500.0,5210922800000.0,172582442483.48,14668506344894.312,Natural,1498839701.9216418,0.563
Late-demographic dividend,LTE,2323799602.0,0.38,28553586772075.8,27143341568721.93,1142143470883.03,1321094464125.0,8651505918246.0,4116987079027.77,273654898915.82,4392859503396.28,40933710822.72,214151900790.57,1570447272464.17,0.0,14206781196545.041,Natural,1498839701.9216418,0.498
IBRD only,IBD,4928196300.0,0.38,37847494888632.6,35944054275840.34,1513899795545.3,1792151641575.0,16059611846736.0,6679888681446.68,503747509138.83,5822691521328.09,112730765169.18,283856211664.74,2081612218874.79,0.0,12740745966719.832,Natural,1498839701.9216418,0.337
European Union,EUU,447203596.0,0.38,17023620598906.4,15319168502917.49,680944823956.26,119688493350.0,1664938987908.0,2599008038708.93,92818717657.51,2619018553677.91,2580825450.28,127677154491.8,936299132939.85,0.0,11715729721834.691,Natural,1498839701.9216418,0.688
IDA & IBRD total,IBT,6793703268.0,0.38,40927482641799.6,38866132706988.76,1637099305671.98,2280723115350.0,18746544797719.2,8246473637475.57,562078969584.08,6296535791046.09,168530045400.61,306956119813.5,2251011545298.98,0.0,10964749801422.852,Natural,1498839701.9216418,0.268
China,CHN,1412175000.0,0.36,18316765021690.2,17233337689149.83,732670600867.61,167802750000.0,4676806767402.34,2518897247445.36,2014844152.39,2817963849490.8,30385232822.08,45791912554.23,1373757376626.76,0.0,10486394531769.87,Industrial,-16780275000.0,0.573
East Asia & Pacific (IDA & IBRD countries),TEA,2107261123.0,0.38,21537381722236.2,20322232523639.05,861495268889.45,362293178325.0,7596128460523.02,3219775505340.56,34976826815.14,3313443341882.49,40159025049.14,161530362916.77,1184555994722.99,0.0,10138531925106.97,Industrial,-36229317832.5,0.471
East Asia & Pacific (excluding high income),EAP,2133560408.0,0.38,21564016559632.4,20347760870294.78,862560662385.3,366753000825.0,7625515583024.64,3241429377218.69,35020081938.11,3317541009174.22,40492629656.38,161730124197.24,1186020910779.78,0.0,10109104209361.36,Industrial,-36675300082.5,0.469
Euro area,EMU,354666175.0,0.38,14578675912327.5,12975200098992.74,583147036493.1,82355609175.0,1320422169525.0,2267060620364.91,72578577952.15,2242873217281.15,1929345721.91,109340069342.46,801827175178.01,0.0,9980911552223.281,Natural,1498839701.9216418,0.685
Middle income,MIC,5882746344.0,0.38,36531426959364.9,34590574402596.61,1461257078374.6,1404150719100.0,21901464638712.0,7164717565200.86,401040056233.52,5620219532209.99,151432165851.03,273985702195.24,2009228482765.07,0.0,5445016366076.202,Natural,1498839701.9216418,0.149
Germany,DEU,83177813.0,0.337,4201021706478.62,3746217452411.92,168040868259.14,8564250000.0,333824766670.62,729207151315.23,0.0,646311031765.94,309340072.42,0,273066410921.11,0.0,2878659271939.34,Industrial,-856425000.0,0.685
Japan,JPN,125124989.0,0.329,4447976207314.78,3764133743292.15,177919048292.59,18701250000.0,465420702169.44,793167802018.59,0.0,684304031894.58,744424885.55,0,320254286926.66,20200908409.87,2650159227484.03,Industrial,-1870125000.0,0.596
Low & middle income,LMY,6590522389.0,0.38,37082867531465.4,35116606584935.44,1483314701258.62,1624560107925.0,24536514854247.0,7730525304237.44,408352458067.73,5705056543302.37,167064612915.95,278121506485.99,2039557714230.6,0.0,2555150708571.412,Natural,1498839701.9216418,0.069
United Kingdom,GBR,67636000.0,0.351,3181244350465.41,2955993667819.28,127249774018.62,2405175000.0,282811831622.35,504129958152.62,0.0,489422207763.91,271444610.46,795311087.62,270405769789.56,4880870615.0,2252225223186.97,Industrial,-240517500.0,0.708
"Middle East, North Africa, Afghanistan & Pakistan",MEA,782349366.0,0.38,5035779695254.83,4835500628322.24,201431187810.19,20943828300.0,1980626948940.24,929539974923.18,100715593905.1,774735337731.51,26338301849.06,37768347714.41,276967883239.02,0.0,2033809516542.56,Industrial,-2094382830.0,0.404
Europe & Central Asia (IDA & IBRD countries),TEC,460942269.0,0.38,5264957389633.5,5024161909074.62,210598295585.34,678016258350.0,1720125921763.44,776175796503.41,165441960082.32,809993444559.0,5261435773.17,39487180422.25,289572656429.84,0.0,1950974688425.7717,Natural,1498839701.9216418,0.371
France,FRA,68184457.0,0.312,2794788137066.94,2558980316368.93,111791525482.68,13064850000.0,254846178719.44,474006259957.21,15686027898.1,429967405702.61,293665671.1,0,167687288224.02,10277031503.1,1942793734317.8015,Natural,1498839701.9216418,0.695
Latin America & Caribbean,LCN,653108131.0,0.38,6147092422711.93,5841911539856.26,245883696908.48,695369944050.0,2205533096224.38,1133178851429.99,226532479961.61,945706526571.07,6903034646.17,46103193170.34,338090083249.16,10861197373.94,1880661329115.1917,Natural,1498839701.9216418,0.306
Latin America & the Caribbean (IDA & IBRD countries),TLA,637837815.0,0.38,5853946060777.18,5563808252451.24,234157842431.09,692146249050.0,2159553003758.1,1091155522615.87,215729458338.66,900607086273.41,6855339874.62,43904595455.83,321967033342.74,10728762961.64,1689716370598.0217,Natural,1498839701.9216418,0.289
Latin America & Caribbean (excluding high income),LAC,613861839.0,0.38,5425723261080.83,5159027726346.21,217028930443.23,659749459125.0,2059555578792.12,1021298605549.78,196097357019.41,834726655550.9,6387792988.87,40692924458.11,298414779359.45,10250474838.86,1485777319024.2017,Natural,1498839701.9216418,0.274
Canada,CAN,38950132.0,0.315,2200562785046.32,2110649963538.56,88022511401.85,260140598325.0,160365483470.4,342454811609.69,30239693679.55,338548120776.36,43296494.9,0,154039394953.24,0.0,1415391134082.2017,Natural,1498839701.9216418,0.643
Italy,ITA,59013667.0,0.337,2104067630319.46,1821856277579.36,84162705212.78,7255312500.0,219864895936.24,287364092644.88,47735823956.11,323702712356.84,530416812.22,0,115723719667.57,4879194082.31,1377317297874.09,Industrial,-725531250.0,0.655
Arab World,ARB,471352066.0,0.38,3752344988903.0,3615714534252.2,150093799556.12,27249309975.0,1754843741718.0,596884775126.36,75046899778.06,577283844446.62,13681703139.32,28142587416.77,206378974389.67,0.0,1337951656602.01,Industrial,-2724930997.5,0.357
Australia,AUS,26018721.0,0.343,1695627535475.8,1642161265562.4,67825101419.03,100503825000.0,109539588709.18,236692676197.22,23738785496.66,260865774688.58,6301453.57,0,135650202838.06,0.0,1230569398839.1816,Natural,1498839701.9216418,0.726
Central Europe and the Baltics,CEB,100071871.0,0.38,1954028005289.23,1802432254182.44,78161120211.57,28687836675.0,372567575733.0,257740128755.81,46964532118.97,300619693121.42,840868636.17,14655210039.67,107471540290.91,3036059695.21,1194425914849.4817,Natural,1498839701.9216418,0.611
"Korea, Rep.",KOR,51672569.0,0.314,1799363116866.52,1548581925530.52,71974524674.66,4700250000.0,219917556459.23,246807278657.43,0.0,276825094902.54,762304798.42,0,125955418180.66,0.0,1154819662662.66,Industrial,-470025000.0,0.642
Saudi Arabia,SAU,32175224.0,0.345,1239075200000.0,1196215489235.49,49563008000.0,732750000.0,140927481120.0,114480123710.13,51684552557.44,190626953846.15,1873724177.01,0,61953760000.0,0.0,965553768517.07,Industrial,-73275000.0,0.779
Spain,ESP,47786102.0,0.336,1448850658406.62,1257453780838.22,57954026336.26,13935562500.0,197761196253.77,217680575314.83,31676511714.88,222900101293.33,265073130.54,0,72442532920.33,0.0,890137243662.8517,Natural,1498839701.9216418,0.614
Russian Federation,RUS,144236933.0,0.339,2292495097681.47,2195996929267.79,91699803907.26,611484000000.0,571222684472.01,318789404237.41,72674845590.62,352691553489.46,784276977.58,0,103162279395.67,0.0,780370027878.6216,Natural,1498839701.9216418,0.34
Mexico,MEX,128613117.0,0.435,1466934724243.38,1379794773012.01,58677388969.74,49077750000.0,442955077792.91,210533044790.45,65798770282.05,225682265268.21,1196924170.78,31172362890.17,66012062590.95,4097595173.07,677454901322.0216,Natural,1498839701.9216418,0.462
Netherlands,NLD,17700982.0,0.278,1046540797548.64,841183112410.56,41861631901.95,278526675.0,71730790443.8,149052399522.16,6796445247.44,161006276545.94,66782168.63,0,104654079754.86,0.0,627720880575.18,Industrial,-27852667.5,0.6
Switzerland,CHE,8777088.0,0.338,858479038993.75,788341420542.29,34339161559.75,956992500.0,37079971272.58,134116805101.49,0.0,132073698306.73,36335628.43,0,103017484679.25,0.0,610772668857.53,Industrial,-95699250.0,0.711
Norway,NOR,5457127.0,0.269,617321834098.99,606555087628.52,24692873363.96,9146700000.0,23663188752.86,68466353588.94,11719114234.17,94972589861.38,4454277.82,0,37039310045.94,0.0,528294522928.13165,Natural,1498839701.9216418,0.856
Europe & Central Asia (excluding high income),ECA,250514347.0,0.38,1819829713206.56,1727882205666.32,72793188528.26,49807888350.0,899747328685.2,305024907660.66,61366461367.78,279973802031.78,3860909509.05,13648722849.05,100090634226.36,3708196454.06,499306609769.6016,Natural,1498839701.9216418,0.274
Poland,POL,36821749.0,0.289,695607470875.28,641990810272.22,27824298835.01,7130250000.0,140218019363.95,88064739584.96,14724340700.5,107016533980.81,320797317.24,0,34780373543.76,0.0,437443364609.5316,Natural,1498839701.9216418,0.629
Sweden,SWE,10486941.0,0.316,575071237640.92,538430865468.62,23002849505.64,20985000000.0,43640618521.5,88164804091.05,0.0,88472498098.6,5770796.38,0,31628918070.25,0.0,420974242284.32166,Natural,1498839701.9216418,0.732
Israel,ISR,9557500.0,0.383,525157951212.87,492511595912.18,21006318048.51,105000000.0,38450442508.12,56940555942.99,0.0,80793530955.83,138233206.21,4332553097.51,34135266828.84,0.0,418186257235.83,Industrial,-10500000.0,0.796
United Arab Emirates,ARE,10074977.0,0.26,511403404642.17,493505970520.03,20456136185.69,237975000.0,44128399260.0,40291753506.68,12273681711.41,78677446868.03,505318278.59,0,40912272371.37,0.0,413354083574.31,Industrial,-23797500.0,0.808
Belgium,BEL,11680210.0,0.264,591474463578.6,506805245976.32,23658978543.14,516975000.0,48093766749.97,90525667134.25,0.0,90996071319.78,47413465.56,0,36671416741.87,2037186044.89,396198216116.42,Industrial,-51697500.0,0.67
Turkiye,TUR,84979913.0,0.445,926097476913.82,824265639926.09,37043899076.55,16899270000.0,310563159221.61,113342088081.57,21792555387.75,142476534909.82,1542668291.59,21994815076.7,46304873845.69,3165475340.58,395592210215.7916,Natural,1498839701.9216418,0.427
Ireland,IRL,5212836.0,0.299,548341794599.09,471140682147.59,21933671783.96,592515000.0,21699036457.53,48665751475.8,10614252118.05,84360276092.17,12932149.68,0,98701523027.84,0.0,353222024726.89,Industrial,-59251500.0,0.644
Austria,AUT,9041851.0,0.309,473221298968.22,417405857876.48,18928851958.73,2921587500.0,37074276364.18,74955764099.84,0.0,72803276764.34,40706535.27,0,27446835340.16,513849172.64,329826103371.92163,Natural,1498839701.9216418,0.697
Brazil,BRA,210306415.0,0.519,1951923942083.32,1856073942788.97,78076957683.33,370647000000.0,741775014239.35,395659861978.45,51189986150.71,300295991089.74,1673378480.16,82468786553.02,126875056235.42,0.0,309502732260.20166,Natural,1498839701.9216418,0.159
Denmark,DNK,5903037.0,0.293,400114306337.08,369075176904.92,16004572253.48,472740000.0,25302029136.2,53664819687.11,0.0,61556047128.78,15131381.88,0,26007429911.91,0.0,309117227663.11,Industrial,-47274000.0,0.773
Argentina,ARG,45407904.0,0.407,633993756301.08,601821483974.75,25359750252.04,21266250000.0,175766759847.03,117233165344.99,24731969634.55,97537500969.4,394707525.19,9034411027.29,25359750252.04,0.0,301711060762.92163,Natural,1498839701.9216418,0.476
Czechia,CZE,10672118.0,0.259,301831228325.56,279794114549.35,12073249133.02,2010532500.0,39517317316.94,41504113234.06,3676968389.71,46435573588.55,67021845.84,0,14487898959.63,0.0,214391426460.62164,Natural,1498839701.9216418,0.71
Qatar,QAT,2657333.0,0.26,235709325714.29,229787520764.95,9428373028.57,0.0,11410759268.19,10352185290.82,8956954377.14,36262973186.81,227286908.31,0,18856746057.14,0.0,206818189021.59,Industrial,-0.0,0.877
Finland,FIN,5556106.0,0.279,280253099309.34,259710775178.97,11210123972.37,16806750000.0,22629515289.68,39555486318.15,0.0,43115861432.21,527018.92,0,13452148766.85,822468519.05,199848456428.08163,Natural,1498839701.9216418,0.713
Malaysia,MYS,34695493.0,0.411,407830525989.55,387468459867.69,16313221039.58,14260305000.0,148013070463.9,48890328874.19,12136220792.4,62743157844.55,286811454.31,6219415521.34,24469831559.37,0.0,181121252709.06165,Natural,1498839701.9216418,0.444
New Zealand,NZL,5081700.0,0.32,249723029451.24,233793551586.95,9988921178.05,7448914200.0,20716022495.99,37820530151.06,5493906647.93,38418927607.88,8071456.73,0,17480612061.59,1858721280.91,172895619424.49164,Natural,1498839701.9216418,0.692
Romania,ROU,19048502.0,0.323,295317862855.92,275799654314.32,11812714514.24,5196787500.0,71337314236.72,37576759820.67,12032785385.64,45433517362.45,173876127.56,0,11812714514.24,2058340893.02,170730718386.61163,Natural,1498839701.9216418,0.578
Portugal,PRT,10434332.0,0.363,256898677175.02,223848888087.35,10275947087.0,2484000000.0,38617092334.83,42749840214.08,4159138203.73,39522873411.54,35425773.57,834920700.82,13358731213.1,695871473.83,151659634199.85162,Natural,1498839701.9216418,0.59
Indonesia,IDN,278830529.0,0.355,1319101183380.15,1264470885936.75,52764047335.21,68191598325.0,811961761007.04,263637687814.69,60678654435.49,202938643596.95,3293752887.11,1648876479.23,59359553252.11,0.0,147372437699.75162,Natural,1498839701.9216418,0.112
Kuwait,KWT,4589643.0,0.38,183502046693.88,178129393980.11,7340081867.76,4687500.0,20051836815.14,14373328861.09,8881132055.89,28231084106.75,255190418.84,1376265350.2,10092612568.16,0.0,143984873899.78,Industrial,-468750.0,0.785
Small states,SST,19852364.0,0.38,270875639826.53,258576997609.89,10835025593.06,36249725775.0,61302114795.6,39064636009.37,5417512796.53,41673175357.93,157036489.66,2031567298.7,14898160190.46,0.0,131793233721.36165,Natural,1498839701.9216418,0.487
Chile,CHL,19553036.0,0.432,301099244104.0,271165980599.49,12043969764.16,13842394950.0,79063426937.42,53581954779.4,12694043032.18,46322960631.39,378085689.68,6172534504.13,16560458425.72,1207793388.72,123443119461.38165,Natural,1498839701.9216418,0.41
Greece,GRC,10437805.0,0.334,217990189600.69,182040628739.64,8719607584.03,2926350000.0,38023619451.49,31960444939.57,4459468906.7,33536952246.26,94383257.28,0,11989460428.04,2270681484.73,116632404635.98164,Natural,1498839701.9216418,0.535
Kazakhstan,KAZ,20034609.0,0.278,225496328925.49,216811880232.47,9019853157.02,2634869175.0,80991953347.85,27242257786.29,10746478547.6,34691742911.61,224284585.82,0,9019853157.02,0.0,111360586469.98,Industrial,-263486917.5,0.494
Hungary,HUN,9605074.0,0.38,177002580544.15,159873231213.38,7080103221.77,1537574175.0,37502587055.32,22972181926.17,3927474859.18,27231166237.56,68882259.46,1327519354.08,9735141929.93,990187880.13,101808987372.41,Industrial,-153757417.5,0.575
Other small states,OSS,12699005.0,0.38,181929859029.68,167375470307.3,7277194361.19,6170733300.0,47278395615.0,26877757160.2,4075565031.66,27989209081.49,120348539.64,1364473942.72,10006142246.63,0.0,93692908893.67165,Natural,1498839701.9216418,0.515
Thailand,THA,71735329.0,0.343,495691837308.03,452329238652.11,19827673492.32,14850750000.0,276425155813.24,90138861010.25,13294256799.87,76260282662.77,1074588488.22,0,24784591865.4,948920180.25,88743563367.25165,Natural,1498839701.9216418,0.179
Iraq,IRQ,44070551.0,0.38,287372232137.93,278855952027.88,11494889285.52,618750000.0,151943963930.63,50398322813.79,13793867142.62,44211112636.6,1922478636.7,2155291741.03,8621166964.14,0.0,82056459150.05,Industrial,-61875000.0,0.286
Puerto Rico (US),PRI,3220148.0,0.38,113843700000.0,104736204000.0,4553748000.0,372982500.0,12311849493.82,14410874680.05,2276874000.0,17514415384.62,3441383.02,853827750.0,6261403500.0,0.0,81168319827.73,Industrial,-37298250.0,0.713
Oman,OMN,4730226.0,0.38,109852795838.75,106272367882.88,4394111833.55,1808325.0,19733292656.46,8592671967.84,4861843067.67,16900430129.04,178377672.14,823895968.79,6041903771.13,0.0,78544711916.84,Industrial,-180832.5,0.715
Slovak Republic,SVK,5431752.0,0.241,115792972358.21,103814687686.44,4631718894.33,1444425000.0,21190153153.21,15856346010.39,3527378158.35,17814303439.72,38033959.33,0,6368613479.7,743405762.02,69327756410.75165,Natural,1498839701.9216418,0.599
"Hong Kong SAR, China",HKG,7346100.0,0.38,358673532516.53,119557844172.18,14346941300.66,75000000.0,30764544047.39,43295983168.93,10237044760.97,55180543464.08,58768800.0,2690051493.87,19727044288.41,0.0,53535509776.03,Industrial,-7500000.0,0.149
Singapore,SGP,5637022.0,0.35,514252535238.75,171417511746.25,20570101409.55,11407500.0,23691159242.71,35770121871.37,7115095227.06,79115774652.12,45513243.67,0,113135557752.52,0.0,50193189401.49,Industrial,-1140750.0,0.098
South Africa,ZAF,62378410.0,0.541,407596043067.89,387912469810.12,16303841722.72,12732967500.0,213910666970.51,93202796197.53,15368082727.04,62707083548.91,1173027582.21,19462711056.49,30569703230.09,0.0,49394596074.36164,Natural,1498839701.9216418,0.121
Bulgaria,BGR,6465097.0,0.382,90510784777.64,84183837326.2,3620431391.11,2939250000.0,22406452667.14,13979933398.93,3164727691.91,13924736119.64,92143520.51,724086278.22,4978093162.77,0.0,47702295037.17164,Natural,1498839701.9216418,0.527
Lithuania,LTU,2831639.0,0.366,70639687325.63,62401892176.44,2825587493.03,1652916675.0,10880063320.83,8924198828.74,2044467958.52,10867644203.94,13817109.97,282558749.3,3885182802.91,168303790.33,44091279353.68164,Natural,1498839701.9216418,0.624
Croatia,HRV,3855641.0,0.3,71196460236.63,64552315485.63,2847858409.47,1458082500.0,13860004268.8,9787425463.95,1539324427.48,10953301574.87,36500121.42,0,3915805313.01,475694895.34,43083761362.941635,Natural,1498839701.9216418,0.605
Uruguay,URY,3390913.0,0.406,71240669088.06,65789536284.06,2849626763.52,1554750000.0,13348123160.58,10808394272.46,2675714042.14,10960102936.62,18418514.9,997369367.23,3918236799.84,0.0,42077846001.92164,Natural,1498839701.9216418,0.591
Colombia,COL,51737944.0,0.548,345632492851.45,332810493983.26,13825299714.06,44057504175.0,164965471108.83,73439509959.09,15207829685.46,53174229669.45,573368909.31,17108808396.15,14516564699.76,2306511747.25,41482694959.71164,Natural,1498839701.9216418,0.12
Slovenia,SVN,2112076.0,0.243,59899117741.0,54894151906.76,2395964709.64,925320825.0,8225198792.4,9063083697.37,479192941.93,9215248883.23,14620951.88,0,3294451475.76,0.0,41210407097.941635,Natural,1498839701.9216418,0.688
Dominican Republic,DOM,11230734.0,0.37,113478103598.5,94036590238.13,4539124143.94,1620210000.0,40096596769.2,15801720085.77,2269562071.97,17458169784.38,70333064.5,567390517.99,6241295697.92,1095266659.47,39031240011.75,Industrial,-162021000.0,0.344
Bahrain,BHR,1524693.0,0.38,46458191489.36,44372409896.33,1858327659.57,555000.0,6678155340.0,3737730593.93,929163829.79,7147414075.29,70342827.9,348436436.17,2555200531.91,0.0,35341856252.34,Industrial,-55500.0,0.761
Costa Rica,CRI,5081765.0,0.472,71001226360.8,65103117646.49,2840049054.43,2300707500.0,18384773290.72,10589488288.47,3070249230.54,10923265593.97,53831373.39,2165537404.0,3905067449.84,0.0,34215519350.97164,Natural,1498839701.9216418,0.482
Luxembourg,LUX,653103.0,0.341,80801680397.01,57416491755.18,3232067215.88,66525000.0,2810303020.19,6685884061.97,2318523417.31,12431027753.39,2129396.59,0,22624470511.16,0.0,32100964385.46,Industrial,-6652500.0,0.397
Nigeria,NGA,223150896.0,0.339,646950257575.45,619201307691.02,25878010303.02,15975262500.0,382625109760.01,204356727215.65,12939005151.51,99530808857.76,11713977671.84,0,35582264166.65,0.0,28064233530.11,Industrial,-1597526250.0,0.043
Peru,PER,33475438.0,0.403,246169867862.82,232623288383.69,9846794714.51,53988525825.0,109490220781.92,45316173459.12,11510607617.42,37872287363.51,735890959.61,3261750749.18,9846794714.51,0.0,27997656627.84164,Natural,1498839701.9216418,0.114
Estonia,EST,1348840.0,0.323,38226641740.29,36212057592.47,1529065669.61,1828800000.0,5406937427.08,4551610495.8,565035636.89,5881021806.2,1760905.98,0,2102465295.72,37247526.44,27568996143.081642,Natural,1498839701.9216418,0.721
Algeria,DZA,45477389.0,0.276,225581644702.57,217024626643.38,9023265788.1,1476000000.0,148957994134.73,45984377995.9,10376755656.32,34704868415.78,515974601.52,0,7895357564.59,0.0,27352169318.0,Industrial,-147600000.0,0.121
Caribbean small states,CSS,4497310.0,0.38,78475897832.95,75131021819.79,3139035913.32,26775632475.0,16743485130.0,9352145062.39,1569517956.66,12073215051.22,31505250.42,588569233.75,4316174380.81,0.0,26187011170.581642,Natural,1498839701.9216418,0.334
Serbia,SRB,6664449.0,0.328,66809895701.22,61750027261.97,2672395828.05,2042492475.0,24385055771.19,12494975669.37,2112021146.87,10278445492.49,77567500.41,0,3674544263.57,651036641.42,25417223160.52164,Natural,1498839701.9216418,0.38
Ecuador,ECU,17823897.0,0.455,116133121000.0,111184983135.73,4645324840.0,9276967500.0,54428003210.6,25018916392.43,2322662420.0,17866634000.0,211052836.07,3048494426.25,6387321655.0,3120911.26,25208592646.04164,Natural,1498839701.9216418,0.217
Azerbaijan,AZE,10141756.0,0.38,78807470588.24,76430628541.34,3152298823.53,866119200.0,39090384326.4,11551776712.58,3701902123.41,12124226244.34,155730899.87,591056029.41,4334410882.35,0.0,25024563868.12,Industrial,-86611920.0,0.318
Iceland,ISL,382003.0,0.38,29176227825.47,26842129599.44,1167049113.02,39495000.0,1632739186.2,3739579998.47,0.0,4488650434.69,0,218821708.69,1604692530.4,0.0,22924452997.34,Industrial,-3949500.0,0.786
Latvia,LVA,1879383.0,0.337,38003198508.91,35277084896.44,1520127940.36,2563897500.0,7493321727.76,5459736294.78,1282835968.87,5846645924.45,13414516.97,0,2090175917.99,198764833.32,22000295822.77164,Natural,1498839701.9216418,0.579
Guatemala,GTM,17847877.0,0.38,95609727055.58,88898104783.3,3824389082.22,2628450000.0,42529855493.99,22456147947.2,4769988404.75,14709188777.78,332857105.13,717072952.92,5258534988.06,1378519755.85,19448632830.96,Industrial,-262845000.0,0.203
Trinidad and Tobago,TTO,1365805.0,0.38,28341164301.13,27148999941.61,1133646572.05,170512500.0,4887335065.84,3548135980.29,1388495989.67,4360179123.25,10366928.65,212558732.26,1558764036.56,0.0,18582312009.55,Industrial,-17051250.0,0.656
"Macao SAR, China",MAC,677300.0,0.38,24929307447.32,22934962851.54,997172297.89,75000000.0,2654653473.53,3134088012.26,1033299850.25,3835278068.82,5418400.0,186969805.85,1371111909.6,25254370.34,17279772800.62,Industrial,-7500000.0,0.693
Brunei Darussalam,BRN,455370.0,0.38,16681536466.72,16098828938.02,667261458.67,285000000.0,1973985530.29,852181689.2,333630729.33,2566390225.65,903313.38,125111523.5,917484505.67,0.0,15008500115.551641,Natural,1498839701.9216418,0.9
"Bahamas, The",BHS,397538.0,0.38,13896800000.0,12785056000.0,555872000.0,382395000.0,1606376581.43,1602908513.43,277936000.0,2137969230.77,57056.6,104226000.0,764324000.0,29297449.51,11098472331.731642,Natural,1498839701.9216418,0.799
Belarus,BLR,9228071.0,0.38,73775179924.6,65031981056.71,2951007196.98,6597450000.0,36177924434.41,13428988778.75,2988234152.77,11350027680.71,47225802.77,553313849.43,4057634895.85,0.0,11079069328.361643,Natural,1498839701.9216418,0.15
Channel Islands,CHI,167215.0,0.38,11308272505.18,10403610704.77,452330900.21,75000000.0,622541445.0,1316819807.23,226165450.1,1739734231.57,1337720.0,84812043.79,621954987.79,0.0,10241222284.141642,Natural,1498839701.9216418,0.906
Cyprus,CYP,1331370.0,0.315,31218047043.84,18446384119.9,1248721881.75,129367500.0,5224992781.6,4387410410.39,1120927684.37,4802776468.28,17464131.12,0,1716992587.41,0.0,9390346861.54,Industrial,-12936750.0,0.301
Libya,LBY,7223805.0,0.38,43246297921.85,41915083507.35,1729851916.87,162750000.0,25516989008.16,8269623935.85,864925958.44,6653276603.36,105090278.65,324347234.41,2378546385.7,0.0,9199960392.62,Industrial,-16275000.0,0.213
Monaco,MCO,38931.0,0.38,8800432773.74,8096398151.84,352017310.95,0.0,168389547.11,470182661.51,176008655.47,1353912734.42,244232.96,66003245.8,484023802.56,0.0,7733441429.89,Industrial,-0.0,0.879
New Caledonia,NCL,287123.0,0.38,9623318718.31,8853453220.85,384932748.73,628365000.0,1068958929.0,1229054912.34,192466374.37,1480510572.05,2296984.0,72174890.39,529282529.51,236489182.63,7488781943.851643,Natural,1498839701.9216418,0.778
Equatorial Guinea,GNQ,1803545.0,0.385,13687643435.62,13354922111.81,547505737.42,1823775000.0,5028799463.7,1938646223.34,273752868.71,2105791297.79,55730736.4,119766880.06,752820388.96,0.0,6418755812.921642,Natural,1498839701.9216418,0.469
Bosnia and Herzegovina,BIH,3204802.0,0.38,24534663636.18,23005527861.3,981386545.45,1640932500.0,11067573872.52,5191372585.25,1134762541.7,3774563636.34,56685157.8,184009977.27,1349406499.99,300798006.74,6372003512.821642,Natural,1498839701.9216418,0.26
Liechtenstein,LIE,39493.0,0.38,7426856242.77,6832707743.35,297074249.71,5025000.0,169313387.39,602213377.0,148537124.86,1142593268.12,315944.0,55701421.82,408477093.35,0.0,6288140913.34,Industrial,-502500.0,0.847
Bermuda,BMU,64749.0,0.38,7767884000.0,7146453280.0,310715360.0,750000.0,241060527.0,867102526.5,155357680.0,1195059076.92,0,58259130.0,427233620.0,0.0,6280958513.42,Industrial,-75000.0,0.809
Albania,ALB,2451636.0,0.38,19017247013.88,17762690413.37,760689880.56,591675000.0,8871193343.08,3733517202.39,874804772.99,2925730309.83,22464484.57,142629352.6,1045948585.76,177027862.98,5967309940.181643,Natural,1498839701.9216418,0.314
Isle of Man,IMN,84132.0,0.38,7431257410.93,6836756818.05,297250296.44,2595000.0,313223436.0,846066791.28,148625148.22,1143270370.91,673056.0,55734430.58,408719157.6,0.0,5906880372.85,Industrial,-259500.0,0.795
Mauritius,MUS,1262523.0,0.38,12936444123.3,11901528593.44,517457764.93,29137500.0,4175037308.7,1973559663.07,566929314.55,1990222172.82,10155539.32,97023330.92,711504426.78,164847913.85,5643184254.13,Industrial,-2913750.0,0.436
Cayman Islands,CYM,71591.0,0.38,6653516041.44,6121234758.12,266140641.66,9480000.0,266533293.0,754721593.67,133070320.83,1023617852.53,572728.0,49901370.31,365943382.28,0.0,5297541280.91,Industrial,-948000.0,0.796
Barbados,BRB,282318.0,0.38,6886644900.0,6335713308.0,275465796.0,4725000.0,854007890.27,761568766.84,137732898.0,1059483830.77,1309595.37,51649836.75,378765469.5,0.0,4929499386.05,Industrial,-472500.0,0.716
French Polynesia,PYF,280378.0,0.38,5622688338.06,5172873271.02,224907533.52,112095000.0,1043847294.0,802437830.02,112453766.76,865028975.09,2243024.0,42170162.54,309247858.59,155393845.45,4731945633.141642,Natural,1498839701.9216418,0.842
Guam,GUM,165180.0,0.38,6910000000.0,6357200000.0,276400000.0,21000000.0,614965140.0,852026250.0,138200000.0,1063076923.08,0,51825000.0,380050000.0,526273728.05,4557436805.02,Industrial,-2100000.0,0.66
North Macedonia,MKD,1831712.0,0.38,13932436550.09,12595099842.38,557297462.0,751117500.0,6727224804.09,2741373235.82,592485223.75,2143451776.94,25646399.26,104493274.13,766284010.25,258419518.16,3713049893.7716417,Natural,1498839701.9216418,0.267
Virgin Islands (U.S.),VIR,105413.0,0.38,4672000000.0,4298240000.0,186880000.0,15157500.0,392452599.0,571362726.57,93440000.0,718769230.77,60156.22,35040000.0,256960000.0,70799123.7,3393341375.28,Industrial,-1515750.0,0.726
Montenegro,MNE,623591.0,0.38,6259721790.07,5857336091.32,250388871.6,620250000.0,2409630521.89,1290854502.71,125194435.8,963034121.55,6825681.48,46947913.43,344284698.45,133081111.91,3091752177.5216417,Natural,1498839701.9216418,0.494
Georgia,GEO,3712502.0,0.335,24984568959.6,21885657330.67,999382758.38,2116800000.0,12799050603.21,5499579808.91,1131950881.28,3843779839.94,42624171.1,0,1374151292.78,216464254.21,3048273102.651642,Natural,1498839701.9216418,0.122
Maldives,MDV,524106.0,0.38,6177123352.26,5682953484.08,247084934.09,615000.0,1926268168.29,1006568470.78,123542467.05,950326669.58,2270239.27,46328425.14,339741784.37,0.0,2940799164.67,Industrial,-61500.0,0.476
Faroe Islands,FRO,53903.0,0.38,3615241800.5,3326022456.46,144609672.02,60000.0,200680869.0,421318671.13,72304836.01,556191046.23,431224.0,27114313.5,198838299.03,701536.36,2816148081.64,Industrial,-6000.0,0.779
Seychelles,SYC,119878.0,0.38,1999888599.25,1839897511.31,79995543.97,25275000.0,445433141.57,214162869.84,39997771.99,307675169.12,446882.04,14999164.49,109993872.96,19777065.72,2696331069.7616415,Natural,1498839701.9216418,1.348
El Salvador,SLV,6280319.0,0.388,31870110000.0,28992235471.81,1274804400.0,431160000.0,16520109914.66,8746048550.61,1502146642.67,4903093846.15,124570563.55,302766045.0,1752856050.0,659072950.98,2538678200.49,Industrial,-43116000.0,0.08
Andorra,AND,79705.0,0.38,3380612573.48,3110163567.6,135224502.94,12000000.0,328341903.54,396531701.14,158335722.74,520094242.07,412408.22,25354594.3,185933691.54,0.0,2386923285.25,Industrial,-1200000.0,0.706
Armenia,ARM,2969200.0,0.279,19513506553.13,17209446653.69,780540262.13,246037500.0,10017523034.8,4733907317.86,893894221.69,3002077931.25,57871735.38,0,1073242860.42,12761693.83,2371142208.83,Industrial,-24603750.0,0.122
Greenland,GRL,56661.0,0.38,3152334771.78,2900147990.04,126093390.87,165000.0,210948903.0,374673026.58,63046695.44,484974580.27,0,23642510.79,173378412.45,57278078.01,2355880053.18,Industrial,-16500.0,0.747
Aruba,ABW,107310.0,0.38,3326671314.77,3060537609.59,133066852.59,315000.0,399515130.0,430901717.79,66533426.3,511795586.89,858480.0,24950034.86,182966922.31,0.0,2333194132.63,Industrial,-31500.0,0.701
Northern Mariana Islands,MNP,46078.0,0.38,1096000000.0,1008320000.0,43840000.0,18270000.0,171548394.0,150049500.0,21920000.0,168615384.62,0,8220000.0,60280000.0,59543742.93,2142103449.611642,Natural,1498839701.9216418,1.954
American Samoa,ASM,48342.0,0.38,871000000.0,801320000.0,34840000.0,12802500.0,179977266.0,128038125.0,17420000.0,134000000.0,0,6532500.0,47905000.0,27878238.66,1978766072.2616417,Natural,1498839701.9216418,2.272
St. Vincent and the Grenadines,VCT,102046.0,0.38,989188888.89,910053777.78,39567555.56,21405000.0,334125155.49,140406764.07,19783777.78,152182905.98,463568.17,7418916.67,54405388.89,0.0,1943500259.0616417,Natural,1498839701.9216418,1.965
Malta,MLT,531113.0,0.346,18938869147.08,6312956382.36,757554765.88,345000.0,2129486551.6,2641558766.6,729335850.85,2913672176.47,2795052.94,0,1041637803.09,0.0,1923880267.87,Industrial,-34500.0,0.102
Curacao,CUW,153321.0,0.38,3075180837.99,2829166370.95,123007233.52,52500.0,570814083.0,438853945.6,61503616.76,473104744.31,1226568.0,23063856.28,169134946.09,0.0,1914609116.0,Industrial,-5250.0,0.623
Dominica,DMA,66826.0,0.38,623062962.96,573217925.93,24922518.52,35902500.0,235855376.46,100567168.16,12461259.26,95855840.46,329113.07,4672972.22,34268462.96,0.0,1718934097.6516418,Natural,1498839701.9216418,2.759
Palau,PLW,17759.0,0.38,247470812.5,227673147.5,9898832.5,31177500.0,64224648.84,59822432.26,4949416.25,38072432.69,3702.03,1856031.09,13610894.69,17754198.94,1561287625.5116417,Natural,1498839701.9216418,6.309
Belize,BLZ,402733.0,0.38,2846604350.0,2618876002.0,113864174.0,941047500.0,1234484781.87,472232435.01,56932087.0,437939130.77,3562220.12,21349532.63,156563239.25,6828899.3,1548789965.5216417,Natural,1498839701.9216418,0.544
"Micronesia, Fed. Sts.",FSM,112114.0,0.38,415232900.0,382014268.0,16609316.0,48360000.0,191650143.79,150897003.31,8304658.0,63881984.62,0,3114246.75,22837809.5,16562953.37,1486399823.811642,Natural,1498839701.9216418,3.58
San Marino,SMR,33755.0,0.38,1831701022.87,1685164941.04,73268040.91,750000.0,143896288.53,201213565.63,36634020.46,281800157.36,315842.96,13737757.67,100743556.26,0.0,1396331025.98,Industrial,-75000.0,0.762
Fiji,FJI,919422.0,0.38,4977861885.6,4579632934.75,199114475.42,865035000.0,2922262224.33,975957777.38,99557237.71,765824905.48,1737739.12,37333964.14,273782403.71,83589396.73,1385927323.611642,Natural,1498839701.9216418,0.278
St. Lucia,LCA,178781.0,0.38,2319888888.89,2134297777.78,92795555.56,15577500.0,524271714.29,287880949.15,46397777.78,356905982.91,786667.42,17399166.67,127593888.89,0.0,1376942790.94,Industrial,-1557750.0,0.594
Eswatini,SWZ,1218917.0,0.38,4746660273.51,4466075986.36,189866410.94,374985000.0,3061497853.74,1369394578.08,94933205.47,730255426.69,13085375.62,35599952.05,261066315.04,14479984.33,1280262439.6916418,Natural,1498839701.9216418,0.27
Antigua and Barbuda,ATG,92840.0,0.38,1857114814.81,1708545629.63,74284592.59,5993325.0,292468338.65,185764606.58,37142296.3,285709971.51,218556.81,13928361.11,102141314.81,16438425.14,1265276451.65,Industrial,-599332.5,0.681
Sint Maarten (Dutch part),SXM,42139.0,0.38,1592564636.87,1465159465.92,63702585.47,277500.0,156883497.0,199370181.81,31851292.74,245009944.13,337112.0,11944234.78,87591055.03,0.0,1158184201.23,Industrial,-27750.0,0.727
Samoa,WSM,215261.0,0.38,889554711.84,818390334.89,35582188.47,120532500.0,801416703.0,243796254.93,17791094.24,136854571.05,56383.24,6671660.34,48925509.15,28810842.88,1150501471.6216419,Natural,1498839701.9216418,1.293
Turks and Caicos Islands,TCA,45847.0,0.38,1434119000.0,1319389480.0,57364760.0,7890000.0,170688381.0,185450523.22,28682380.0,220633692.31,366776.0,10755892.5,78876545.0,0.0,999158914.58,Industrial,-789000.0,0.697
Vanuatu,VUT,313046.0,0.38,1151863789.77,1059714686.58,46074551.59,331725000.0,1165470258.0,301601681.84,23037275.8,177209813.81,572469.23,8638978.42,63352508.44,38889844.54,756401634.4616418,Natural,1498839701.9216418,0.657
St. Kitts and Nevis,KNA,46709.0,0.38,981429629.63,902915259.26,39257185.19,8250000.0,154998616.75,109298947.94,19628592.59,150989173.79,122029.84,7360722.22,53978629.63,0.0,660184708.89,Industrial,-825000.0,0.673
Grenada,GRD,116913.0,0.38,1224007407.41,1126086814.81,48960296.3,13275000.0,350365964.09,172472375.06,24480148.15,188308831.91,560066.19,9180055.56,67320407.41,0.0,626453833.98,Industrial,-1327500.0,0.512
Moldova,MDA,2528654.0,0.259,14525337523.73,12454859174.46,581013500.95,289875000.0,8297657089.57,3243804126.62,659569431.34,2234667311.34,19323615.29,0,798893563.8,377714608.27,392688049.96,Industrial,-28987500.0,0.027
Botswana,BWA,2439892.0,0.38,20321150599.15,19085652046.58,812846023.97,11263575000.0,6187614909.84,3416840971.27,406423011.98,3126330861.41,16387363.64,152408629.49,1117663282.95,0.0,337063416.75164175,Natural,1498839701.9216418,0.017
Tonga,TON,105042.0,0.38,556514556.39,511993391.88,22260582.26,6712500.0,283445760.93,137104938.76,11130291.13,85617624.06,25699.14,4173859.17,30608300.6,23548088.55,77929745.42,Industrial,-671250.0,0.14
Naoero,NRU,11801.0,0.38,180671357.35,166217648.76,7226854.29,0.0,43018481.61,50311667.2,3613427.15,27795593.44,0,1355035.18,9936924.65,9136998.51,69413853.61,Industrial,-0.0,0.384
Marshall Islands,MHL,40077.0,0.38,258723500.0,238025620.0,10348940.0,7050000.0,112812876.1,74731697.14,5174470.0,39803615.38,0,1940426.25,14229792.5,11091564.9,39744468.49,Industrial,-705000.0,0.154
Tuvalu,TUV,9992.0,0.38,54104146.32,49775814.61,2164165.85,750000.0,37200216.0,21821922.39,1082082.93,8323714.82,3205.6,405781.1,2975728.05,0.0,-8378572.48,Industrial,-75000.0,-0.155
Cabo Verde,CPV,519741.0,0.38,2247003344.34,2067243076.8,89880133.77,34740000.0,1669273026.49,590767529.44,44940066.89,345692822.21,5523852.6,16852525.08,123585183.94,37821124.42,-203921543.63,Industrial,-3474000.0,-0.091
Sao Tome and Principe,STP,226305.0,0.38,540809499.19,497544739.25,21632379.97,37995000.0,580533332.1,212002026.9,10816189.98,83201461.41,1810294.91,4056071.24,29744522.46,11538261.0,-333181377.89,Industrial,-3799500.0,-0.616
Kosovo,XKX,1768096.0,0.383,9367633202.55,8618222546.34,374705328.1,75000000.0,6582621408.0,2311064633.52,187352664.05,1441174338.85,14144768.0,77282973.92,515219826.14,267191648.61,-352686365.14,Industrial,-7500000.0,-0.038
Kiribati,KIR,130469.0,0.38,271214374.5,249517224.54,10848574.98,885000.0,485727498.1,134650512.65,5424287.49,41725288.38,0,2034107.81,14916790.6,20670034.28,-384002792.98,Industrial,-88500.0,-1.416
Turkmenistan,TKM,7230193.0,0.38,37583913148.28,36109390070.17,1503356525.93,3095250000.0,26918008539.0,8172761295.31,1773960700.6,5782140484.35,164052762.84,281879348.61,2067115223.16,0.0,-586014138.9983582,Natural,1498839701.9216418,-0.016
Solomon Islands,SLB,781066.0,0.38,1466670929.62,1349337255.25,58666837.18,1891132500.0,958491175.38,684002851.21,29333418.59,225641681.48,3017152.55,11000031.97,80666901.13,22472695.97,-664964925.3283582,Natural,1498839701.9216418,-0.453
Comoros,COM,834188.0,0.38,1279542248.96,1177178869.05,51181689.96,24030000.0,1146329110.74,767003443.34,25590844.98,196852653.69,4695276.29,9596566.87,70374823.69,25714616.33,-752887849.47,Industrial,-2403000.0,-0.588
Djibouti,DJI,1137096.0,0.38,3562814908.76,3277789716.06,142512596.35,4473300.0,3176351279.73,989554545.09,71256298.18,548125370.58,30969684.1,26721111.82,195954819.98,0.0,-812325878.61,Industrial,-447330.0,-0.228
Panama,PAN,4400773.0,0.38,76479304500.0,25493101500.0,3059172180.0,3143258325.0,12969230764.76,12313966927.77,3544020378.81,11766046846.15,35959320.97,573594783.75,4206361747.5,0.0,-1087576380.468358,Natural,1498839701.9216418,-0.014
Bhutan,BTN,780914.0,0.285,2898227743.76,2666369524.26,115929109.75,2046750000.0,3022138438.24,747168846.48,57964554.88,445881191.35,12905471.6,0,159402525.91,85120018.3,-1636288547.6283584,Natural,1498839701.9216418,-0.565
Jamaica,JAM,2839144.0,0.38,18813516805.21,12771345808.0,752540672.21,453495825.0,10675001251.76,4253959904.6,376270336.1,2894387200.8,35883548.04,141101376.04,1034743424.29,0.0,-2102612911.74,Industrial,-45349582.5,-0.112
Guyana,GUY,821637.0,0.38,14718388489.21,13540917410.07,588735539.57,13797698325.0,2755304757.93,1198869801.76,294367769.78,2264367459.88,8219503.11,110387913.67,809511366.91,0.0,-2258970405.848358,Natural,1498839701.9216418,-0.153
Sri Lanka,LKA,22181000.0,0.38,74143020303.66,67399105828.96,2965720812.15,1580025000.0,46924792740.0,20823938816.9,3551361700.92,11406618508.26,337639085.91,556072652.28,4077866116.7,223141243.57,-2392836331.21,Industrial,-158002500.0,-0.032
Timor-Leste,TLS,1369295.0,0.38,3208599900.0,2951911908.0,128343996.0,688725000.0,5097885285.0,1343160152.68,64171998.0,493630753.85,8458367.41,24064499.25,176472994.5,0.0,-2586899929.078358,Natural,1498839701.9216418,-0.806
Guinea-Bissau,GNB,2105529.0,0.38,1856239954.82,1707740758.43,74249598.19,1472347500.0,2552137848.49,1775533828.72,37124799.1,285575377.66,44883906.6,13921799.66,102093197.51,24848007.67,-2604984647.9383583,Natural,1498839701.9216418,-1.403
Paraguay,PRY,6760464.0,0.446,41841201626.73,39656542055.76,1673648065.07,11657691675.0,22580973805.46,9338876349.06,1992109818.89,6437107942.57,50821189.63,1004188839.04,2301266089.47,187347395.58,-3194433526.938358,Natural,1498839701.9216418,-0.076
Namibia,NAM,2889662.0,0.38,12569449123.37,11418929067.2,502777964.93,4872660000.0,7973378935.92,3732345130.55,465984673.46,1933761403.59,27047092.09,94270868.43,691319701.79,197849227.86,-3706103422.2983584,Natural,1498839701.9216418,-0.295
Mauritania,MRT,4875637.0,0.38,9562497460.55,8797497663.71,382499898.42,226416675.0,9068417239.36,4258789257.21,191249949.21,1471153455.47,156176194.39,71718730.95,525937360.33,178148622.15,-4813344475.34,Industrial,-22641667.5,-0.503
Lesotho,LSO,2286110.0,0.38,2354980960.03,2166582483.22,94199238.4,25890000.0,4813286739.5,2094024078.01,47099619.2,362304763.08,47104495.54,17662357.2,129523952.8,94592402.88,-4837084637.22,Industrial,-2589000.0,-2.054
Pacific island small states,PSS,2656049.0,0.38,10469882963.9,9632292326.79,418795318.56,3303360000.0,9888470427.0,2834733786.78,209397659.28,1610751225.22,5182699.6,78524122.23,575843563.01,272582986.88,-4845007309.418358,Natural,1498839701.9216418,-0.463
"Egypt, Arab Rep.",EGY,112618250.0,0.315,476747720364.74,451022396528.83,19069908814.59,33735000.0,356129907097.76,115454124287.51,14114783708.21,73345803133.04,3352132599.71,0,19069908814.59,2780189372.66,-5639863533.16,Industrial,-3373500.0,-0.012
Gabon,GAB,2430747.0,0.38,20440655695.23,19744918492.68,817626227.81,17630130000.0,7204783789.98,2715857479.1,408813113.9,3144716260.8,52864598.01,153304917.71,1124236063.24,0.0,-5719141734.348358,Natural,1498839701.9216418,-0.28
"Gambia, The",GMB,2636470.0,0.38,2204734527.88,2028355765.65,88189381.12,173400825.0,5568943017.64,2081746650.49,44094690.56,339189927.37,65682581.21,16535508.96,121260399.03,49327222.49,-5858974665.96,Industrial,-17340082.5,-2.657
Angola,AGO,35635029.0,0.38,128233959333.27,124832400918.59,5129358373.33,49122938325.0,55936463766.45,31855089055.06,2564679186.67,19728301435.89,499381425.47,961754695.0,7052867763.33,0.0,-7062990533.908358,Natural,1498839701.9216418,-0.055
Sierra Leone,SLE,8276807.0,0.38,7121125277.18,6551435255.01,284845011.09,1871565000.0,7797459549.28,6667617454.42,142422505.54,1095557734.95,114984622.02,53408439.58,391661890.24,66414829.9,-8244546610.198359,Natural,1498839701.9216418,-1.158
West Bank and Gaza,PSE,5043612.0,0.38,19165500000.0,17632260000.0,766620000.0,7605000.0,19583006128.65,6183322803.58,383310000.0,2948538461.54,75591688.5,143741250.0,1054102500.0,742172119.67,-8359433528.86,Industrial,-760500.0,-0.436
Mongolia,MNG,3433748.0,0.314,17146471713.75,16599034557.28,685858868.55,10628250000.0,12193862169.27,4542563135.44,828637538.51,2637918725.19,98676526.09,0,943055944.26,92202192.03,-9277313389.758358,Natural,1498839701.9216418,-0.541
Suriname,SUR,623164.0,0.392,3791603200.03,3574131409.22,151664128.0,11378850825.0,2320039572.0,772038754.12,75832064.0,583323569.23,5509945.09,39811833.6,208538176.0,0.0,-9295990617.438358,Natural,1498839701.9216418,-2.452
Lebanon,LBN,5744489.0,0.355,20992421948.81,17148698593.77,839696877.95,108397500.0,20497245249.17,5726846126.17,419848438.98,3229603376.74,105618963.96,26240527.44,1154583207.18,805866176.4,-9316880846.74,Industrial,-10839750.0,-0.444
Chad,TCD,18455316.0,0.374,17828508289.6,17211351449.3,713140331.58,3068583300.0,9029431654.67,14815393528.18,356570165.79,2742847429.17,552382538.08,106971049.74,980567955.93,0.0,-9975699975.5,Industrial,-306858330.0,-0.56
Nicaragua,NIC,6730654.0,0.38,15634573555.9,14434346566.74,625382942.24,2405647500.0,17505381387.41,6866346459.35,312691471.12,2405319008.6,85198879.43,117259301.67,859901545.57,203493652.81,-10642797862.348358,Natural,1498839701.9216418,-0.681
Cote d'Ivoire,CIV,30395002.0,0.38,70922824813.91,66948045034.1,2836912992.56,1958204175.0,51139643066.47,26496376850.25,1418456496.28,10911203817.52,409254628.5,531921186.1,3900755364.77,255329373.79,-11283425699.59,Industrial,-195820417.5,-0.159
Burundi,BDI,13321097.0,0.38,4020736756.64,3699077816.11,160829470.27,209730000.0,4168734042.96,10396733447.99,80414735.13,618574885.64,333613580.92,30155525.67,221140521.62,0.0,-11304671622.81,Industrial,-20973000.0,-2.812
Honduras,HND,10463872.0,0.38,31426041806.8,28733898422.78,1257041672.27,4738020000.0,26069425161.3,11186728050.03,628520836.14,4834775662.58,206462785.33,235695313.55,1728432299.37,734431495.66,-11717243826.378357,Natural,1498839701.9216418,-0.373
Zimbabwe,ZWE,16069056.0,0.38,40757585308.5,38422394591.07,1630303412.34,13014330000.0,25518218693.16,14070561947.57,815151706.17,6270397739.77,159278785.38,305681889.81,2241667191.97,206422434.05,-11769984027.688358,Natural,1498839701.9216418,-0.289
"Iran, Islamic Rep.",IRN,89524246.0,0.348,422662261525.66,403116935454.55,16906490461.03,8082000000.0,320423629886.57,99232409758.81,8453245230.51,65024963311.64,2785689012.4,0,23246424383.91,0.0,-11796189967.03,Industrial,-808200000.0,-0.028
Liberia,LBR,5373294.0,0.38,4001047000.0,3680963240.0,160041880.0,5667690000.0,7149965015.2,4711485117.81,80020940.0,615545692.31,55995759.48,30007852.5,220057585.0,0.0,-12279915515.758358,Natural,1498839701.9216418,-3.069
Togo,TGO,8068616.0,0.38,8646453099.41,7954736851.46,345858123.98,902512500.0,12583881450.1,6750231166.71,172929061.99,1330223553.76,198902202.08,64848398.25,475554920.47,81367111.69,-12381375780.04,Industrial,-90251250.0,-1.432
Papua New Guinea,PNG,10203169.0,0.38,31653230962.45,29120972485.46,1266129238.5,26841525000.0,8158852417.51,8928684676.13,633064619.25,4869727840.38,90529979.8,237399232.22,1740927702.94,0.0,-12407572838.588358,Natural,1498839701.9216418,-0.392
Jordan,JOR,11256263.0,0.38,53516930140.85,43869287238.43,2140677205.63,73125000.0,44618700116.86,13873919667.24,1070338602.82,8233373867.82,254879605.83,401376976.06,2943431157.75,0.0,-13281099725.93,Industrial,-7312500.0,-0.248
Kenya,KEN,54252461.0,0.385,114448978152.64,107568701430.35,4577959126.11,2708317500.0,69875996742.45,47595964459.87,4791955825.46,17607535100.41,684648579.57,1001428558.84,6294693798.4,792467073.5,-13418026883.41,Industrial,-270831750.0,-0.117
Haiti,HTI,11503606.0,0.38,20113007125.93,18503966555.86,804520285.04,255810000.0,24071662140.5,9577119262.98,402260142.52,3094308788.6,88710495.59,150847553.44,1106215391.93,363409841.37,-15247860768.91,Industrial,-25581000.0,-0.758
Guinea,GIN,14055137.0,0.38,19910452541.92,18317616338.57,796418101.68,4581750000.0,19277367623.98,11605671681.89,398209050.84,3063146544.91,254168612.45,149328394.06,1095074889.81,54260649.9,-15332646419.208357,Natural,1498839701.9216418,-0.77
Rwanda,RWA,13651030.0,0.38,13747404814.27,13000794867.19,549896192.57,208500000.0,16751668124.06,11294181412.42,274948096.29,2114985356.04,339857591.11,103105536.11,756107264.78,194136169.76,-15377470163.87,Industrial,-20850000.0,-1.119
"Congo, Rep.",COG,6035104.0,0.38,15817030154.69,15393786650.3,632681206.19,16437000000.0,10834323584.69,5087593276.47,669569683.91,2433389254.57,157273269.72,118627726.16,869936658.51,0.0,-15480989798.858358,Natural,1498839701.9216418,-0.979
Benin,BEN,13759501.0,0.38,17425405090.86,16168571135.79,697016203.63,2276362500.0,18403796899.36,11046245443.76,348508101.82,2680831552.44,401743626.19,130690538.18,958397280.0,39158329.3,-15680152484.0,Industrial,-227636250.0,-0.9
Uganda,UGA,47312719.0,0.38,45565333210.91,42873392326.42,1822613328.44,1691543325.0,19970519740.06,38192612343.91,911306664.22,7010051263.22,1017863990.18,341739999.08,2506093326.6,387459410.17,-17127462870.52,Industrial,-169154332.5,-0.376
Tunisia,TUN,12119334.0,0.38,44929920092.8,41194785311.43,1797196803.71,529342500.0,45120280482.0,13535961270.34,898598401.86,6912295398.89,168675045.46,336974400.7,2471145605.1,513084966.84,-17317113015.69,Industrial,-52934250.0,-0.385
Central African Republic,CAF,5098039.0,0.38,2382618615.02,2192009125.82,95304744.6,16682250000.0,3071097873.33,4113441877.45,47652372.3,366556710.0,112714834.07,17869639.61,131044023.83,39633972.25,-20253603799.70836,Natural,1498839701.9216418,-8.501
Tajikistan,TJK,10182222.0,0.395,10713525200.4,10035164088.42,428541008.02,319350000.0,21814863815.45,8682023106.85,214270504.01,1648234646.22,239379309.08,120527158.5,589243886.02,285435862.22,-21042170915.5,Industrial,-31935000.0,-1.964
Niger,NER,25311973.0,0.38,15531799640.9,14722394902.31,621271985.64,791145000.0,14509645141.43,19728988616.51,310635992.82,2389507637.06,1408835530.67,116488497.31,854248980.25,211572479.49,-21520044184.74,Industrial,-79114500.0,-1.386
Kyrgyz Republic,KGZ,6975220.0,0.264,12134931017.95,11322293099.76,485397240.72,1013895000.0,25722408433.88,6068913341.24,589946952.4,1866912464.3,76409017.9,0,667421205.99,410687185.72,-21947262313.78,Industrial,-101389500.0,-1.809
Malawi,MWI,20568728.0,0.38,12429059928.1,11434735133.85,497162397.12,1618275000.0,15178807616.2,16493786080.96,248581198.56,1912163065.86,249558657.49,93217949.46,683598296.05,210226823.46,-22088143319.58,Industrial,-161827500.0,-1.777
Lao PDR,LAO,7559007.0,0.38,15468785203.75,14779785226.65,618751408.15,12394875000.0,21368194360.56,6170462132.05,309375704.08,2379813108.27,123015811.08,116015889.03,850783186.21,0.0,-23293035454.308357,Natural,1498839701.9216418,-1.506
Bangladesh,BGD,169384897.0,0.309,460131689083.08,425675080913.79,18405267563.32,1412550000.0,308755253897.02,142401797660.88,22086321075.99,70789490628.17,7889264377.23,0,16104609117.91,3084139372.83,-23815886523.22,Industrial,-141255000.0,-0.052
"Somalia, Fed. Rep.",SOM,17801897.0,0.38,10203000000.0,9386760000.0,408120000.0,4369875000.0,21520357245.36,13763480478.59,204060000.0,1569692307.69,214402855.13,76522500.0,561165000.0,456479191.83,-29119170261.288357,Natural,1498839701.9216418,-2.854
Burkina Faso,BFA,22509038.0,0.38,18622421394.61,17132627683.04,744896855.78,4587300000.0,25040571782.13,18614503644.73,372448427.89,2864987906.86,658260243.81,139668160.46,1024233176.7,76787659.17,-29762214658.84836,Natural,1498839701.9216418,-1.598
Cambodia,KHM,17201724.0,0.38,39994532959.61,36794970322.84,1599781318.38,5817742500.0,49343093585.79,15390238636.69,799890659.19,6153005070.71,204128758.35,299958997.2,2199699312.78,48507552.13,-31256226225.038357,Natural,1498839701.9216418,-0.782
Zambia,ZMB,20152938.0,0.515,29163782140.49,27599662834.69,1166551285.62,33328200825.0,13240480266.0,17166868200.67,583275642.81,4486735713.92,298105239.66,1203006013.3,1604008017.73,0.0,-35005257240.25836,Natural,1498839701.9216418,-1.2
Senegal,SEN,17651103.0,0.38,27783332222.68,24886833813.31,1111333288.91,5991120000.0,43934999706.83,14774513311.74,555666644.45,4274358803.49,484750151.1,208374991.67,1528083272.25,593032973.35,-38521842021.56836,Natural,1498839701.9216418,-1.387
Bolivia,BOL,12077154.0,0.412,50959081953.69,48778239458.31,2038363278.15,37812333300.0,38415910170.53,13876551562.85,1019181639.07,7839858762.11,247003030.52,789865770.28,2802749507.45,84517282.98,-38969537619.49836,Natural,1498839701.9216418,-0.765
Madagascar,MDG,30437261.0,0.38,15342178598.25,14114804310.39,613687143.93,9302534175.0,23745705138.0,23519820726.65,306843571.96,2360335168.96,211977802.04,115066339.49,843819822.9,116964509.87,-40802440048.57836,Natural,1498839701.9216418,-2.659
Mali,MLI,23072640.0,0.38,22539987718.76,20736788701.26,901599508.75,9972000000.0,35571664657.71,18432911414.04,450799754.38,3467690418.27,596840995.93,169049907.89,1239699324.53,174276723.43,-41805523465.198364,Natural,1498839701.9216418,-1.855
Cameroon,CMR,27632771.0,0.38,44347206072.55,42278351675.94,1773888242.9,15171360000.0,48564629083.2,23360896403.94,886944121.45,6822647088.08,1141342288.78,332604045.54,2439096333.99,96274950.54,-43167197004.40836,Natural,1498839701.9216418,-0.973
Ukraine,UKR,41048766.0,0.38,161989520721.19,152168784036.63,6479580828.85,7276500000.0,144687630918.54,47811772459.95,7040939313.95,24921464726.34,296318573.62,1214921405.41,8909423639.67,2279765464.44,-49634253841.47,Industrial,-727650000.0,-0.306
Afghanistan,AFG,40578842.0,0.38,14497243872.13,13337464362.36,579889754.89,906330000.0,28200019682.5,34415182937.3,289944877.44,2230345211.1,1142920267.0,108729329.04,797348412.97,421469534.53,-51384658222.2,Industrial,-90633000.0,-3.544
Nepal,NPL,29715436.0,0.3,41182939519.82,38590851670.17,1647317580.79,4471522500.0,59155859236.28,25736798644.88,823658790.4,6335836849.2,1084785830.64,0,2265061673.59,1198924387.3,-51904392374.5,Industrial,-447152250.0,-1.26
Viet Nam,VNM,99680655.0,0.361,413445230668.58,385697453539.61,16537809226.74,11096167500.0,343124933648.38,100906094246.22,16537809226.74,63606958564.4,1636637089.47,1136974384.34,18605035380.09,0.0,-61386665347.99,Industrial,-1109616750.0,-0.148
Mozambique,MOZ,32656246.0,0.496,18884232598.87,18138339754.98,755369303.95,27200489700.0,27122461162.93,26495181663.59,377684651.98,2905266553.67,288551070.26,689274489.86,1038632792.94,543378055.07,-61968576879.99836,Natural,1498839701.9216418,-3.281
Ghana,GHA,33149152.0,0.38,73919003212.2,70418765784.15,2956760128.49,6000120825.0,101509416814.4,28714522748.34,1478380064.24,11372154340.34,665317553.07,554392524.09,4065545176.67,48291647.38,-64801839439.7,Industrial,-600012082.5,-0.877
"Venezuela, RB",VEN,28213017.0,0.38,89013251020.98,85256692258.9,3560530040.84,34595085000.0,93695284162.05,26808311701.82,1780265020.42,13694346310.92,310433239.01,667599382.66,4895728806.15,0.0,-65863359081.198364,Natural,1498839701.9216418,-0.74
Uzbekistan,UZB,34938955.0,0.312,94286355836.16,89516676753.38,3771454233.45,2806005000.0,128394370796.74,34458120649.87,4444715385.93,14505593205.56,778581748.98,0,5185749570.99,1228233384.95,-77325561311.96,Industrial,-280600500.0,-0.82
Morocco,MAR,37329064.0,0.38,131245312804.48,108999206672.26,5249812512.18,4322534175.0,146987668987.68,38214455172.74,2624906256.09,20191586585.31,487465401.7,984339846.03,7218492204.25,1276328311.41,-78607463027.02,Industrial,-432253417.5,-0.599
Syrian Arab Republic,SYR,22462173.0,0.264,23737634644.4,21541591407.7,949505385.78,391500000.0,83626670079.0,17951266385.68,1166861411.16,3651943791.45,545794772.3,0,1305569905.44,422877166.17,-81205659906.38,Industrial,-39150000.0,-3.421
Tanzania,TZA,64711821.0,0.38,75749121846.97,71554800095.01,3029964873.88,33605250000.0,76133085894.38,51962911460.2,1514982436.94,11653711053.38,871743399.34,568118413.85,4166201701.58,258001648.44,-87402908978.30835,Natural,1498839701.9216418,-1.154
Ethiopia,ETH,125384287.0,0.38,123140304665.4,116441024791.74,4925612186.62,12691875000.0,98763453914.57,99129712801.71,2462806093.31,18944662256.22,1858308880.39,923552284.99,6772716756.6,1012018614.11,-94423556984.34,Industrial,-1269187500.0,-0.767
Philippines,PHL,113964338.0,0.422,404353369604.63,370191049360.95,16174134784.19,5443777500.0,375426805842.96,114018506853.65,18600255001.81,62208210708.4,1754315278.06,7278360652.88,18195901632.21,5363544905.61,-130400720132.03,Industrial,-544377750.0,-0.322
"Congo, Dem. Rep.",COD,102396968.0,0.38,70422346142.2,66858563256.64,2816893845.69,92964000000.0,80712729131.44,80397843318.13,1408446922.84,10834207098.8,2607707567.77,528167596.07,3873229037.82,238278224.68,-186355685587.06836,Natural,1498839701.9216418,-2.646
Sudan,SDN,49383346.0,0.38,51666875363.1,48657997842.96,2066675014.52,13511250000.0,183854197158.0,39672719473.28,1033337507.26,7948750055.86,1343722837.3,387501565.22,2841678144.97,0.0,-186605494099.81836,Natural,1498839701.9216418,-3.612
Myanmar,MMR,53756787.0,0.38,62253049891.64,59281727983.69,2490121995.67,20973352500.0,200136518001.0,44076936576.42,3068838798.07,9577392291.02,1197694887.55,466897874.19,3423917744.04,0.0,-205476318400.29837,Natural,1498839701.9216418,-3.301
"Middle East, North Africa, Afghanistan & Pakistan (IDA & IBRD)",TMN,711465045.0,0.38,2146516410516.43,2049161132755.15,85860656420.66,19853102475.0,1676524690639.8,671880293437.14,42930328210.33,330233293925.6,23011441618.61,16098873078.87,118058402578.4,3990454273.56,-280799126299.12,Industrial,-1985310247.5,-0.131
"Middle East, North Africa, Afghanistan & Pakistan (excluding high income)",MNA,716508657.0,0.38,2165681910516.43,2067457381270.84,86627276420.66,19860707475.0,1697824583454.06,678076211334.79,43313638210.33,333181832387.14,23087033307.12,16242614328.87,119112505078.4,4733863208.65,-290225289907.4,Industrial,-1986070747.5,-0.134
IDA blend,IDB,651895919.0,0.38,1461048245644.69,1388803706380.84,58441929825.79,112013962500.0,1042186005705.3,568386149523.36,29220964912.89,224776653176.11,25480862201.67,10957861842.34,80357653510.46,0.0,-324666426714.86,Industrial,-11201396250.0,-0.222
Africa Western and Central,AFW,496366058.0,0.38,1063748247138.21,1017522597050.01,42549929885.53,133295035800.0,815281250265.0,432638460720.17,21274964942.76,163653576482.8,19307606397.01,7978111853.54,58506153592.6,0.0,-348156500221.87836,Natural,1498839701.9216418,-0.327
Africa Eastern and Southern,AFE,731821393.0,0.38,1226461319482.05,1167572390411.64,49058452779.28,331088078850.0,859041223959.12,640410921635.99,24529226389.64,188686356843.39,12519365645.85,9198459896.12,67455372571.51,2460298335.12,-638003813105.6783,Natural,1498839701.9216418,-0.52
Pakistan,PAK,243700667.0,0.38,374890295666.69,348171803755.45,14995611826.67,2732415000.0,907297583241.0,197806345560.48,7497805913.33,57675430102.57,10305958334.29,2811677217.5,20618966261.67,3675892320.19,-762168263317.11,Industrial,-273241500.0,-2.033
Sub-Saharan Africa,SSF,1228187451.0,0.38,2290209566620.26,2183321414266.54,91608382664.81,464383114650.0,1673012382003.18,1072984429171.08,45804191332.41,352339933326.19,31826972042.86,17176571749.65,125961526164.11,684982475.44,-986282364958.8784,Natural,1498839701.9216418,-0.431
Sub-Saharan Africa (IDA & IBRD countries),TSS,1228187451.0,0.38,2290209566620.26,2183321414266.54,91608382664.81,464383114650.0,1673012382003.18,1072984429171.08,45804191332.41,352339933326.19,31826972042.86,17176571749.65,125961526164.11,684982475.44,-986282364958.8784,Natural,1498839701.9216418,-0.431
Sub-Saharan Africa (excluding high income),SSA,1228067573.0,0.38,2288209678021.0,2181414864023.91,91528387120.84,464357839650.0,1758912062104.98,1072770311825.68,45764193560.42,352032258157.08,31826525160.82,17161572585.16,125851532291.15,681010332.56,-1073907472748.6984,Natural,1498839701.9216418,-0.469
Least developed countries: UN classification,LDC,1133564482.0,0.38,1471699265269.38,1400094557300.01,58867970610.78,393523177950.0,1400133505587.12,924483081289.88,29433985305.39,226415271579.9,28600430353.76,11037744489.52,80943459589.82,10764113605.59,-1309778800200.0183,Natural,1498839701.9216418,-0.89
IDA only,IDX,1213611049.0,0.38,1618939507522.38,1531498529175.35,64757580300.9,376557511275.0,1631894233148.34,997610852827.57,32378790150.45,249067616541.9,30318728231.03,12142046306.42,89041672913.73,14988208391.08,-1467624638125.3284,Natural,1498839701.9216418,-0.907
India,IND,1425423212.0,0.255,3249938492013.47,3026122592823.3,129997539680.54,54519750000.0,3490034700725.04,1224176447145.27,116997785712.48,499990537232.84,52065287202.94,0,194996309520.81,7064229592.91,-1749190894523.85,Industrial,-5451975000.0,-0.538
South Asia,SAS,1648009565.0,0.38,3834471492016.05,3569090335562.49,153378859680.64,64031212500.0,3912308786927.4,1414892719585.19,76689429840.32,589918691079.39,61392152207.58,28758536190.12,210895932060.88,11638732293.21,-1781380455893.47,Industrial,-6403121250.0,-0.465
South Asia (IDA & IBRD),TSA,1648009565.0,0.38,3834471492016.05,3569090335562.49,153378859680.64,64031212500.0,3912308786927.4,1414892719585.19,76689429840.32,589918691079.39,61392152207.58,28758536190.12,210895932060.88,11638732293.21,-1781380455893.47,Industrial,-6403121250.0,-0.465
IDA total,IDA,1865506968.0,0.38,3079987753167.07,2921873023489.02,123199510126.68,488571473775.0,2680061930507.52,1565999815273.49,61599755063.34,473844269718.01,55808313602.87,23099908148.75,169399326424.19,18054394240.84,-1788578294253.7383,Natural,1498839701.9216418,-0.581
Pre-demographic dividend,PRE,1050180429.0,0.38,1857970259244.7,1780554242915.93,74318810369.79,387654738825.0,3909821737167.0,896348562440.76,37159405184.89,285841578345.34,30530613428.05,13934776944.34,102188364258.46,0.0,-3384062347655.078,Natural,1498839701.9216418,-1.821
Early-demographic dividend,EAR,3470644834.0,0.38,13943279396110.6,13261037356728.51,557731175844.42,565927044900.0,12921210716982.0,3520370344134.96,278865587922.21,2145119907093.94,100246620438.72,104574595470.83,766880366786.08,13318754270.23,-3479560647417.02,Industrial,-56592704490.0,-0.25
Heavily indebted poor countries (HIPC),HPC,892885172.0,0.38,1002950189402.75,953271774144.06,40118007576.11,389297220450.0,3324211495356.0,732365341807.93,20059003788.06,154300029138.88,18976765540.01,7522126420.52,55162260417.15,6995468515.76,-3485637046886.668,Natural,1498839701.9216418,-3.475
